precision,accuracy,recall,duration
0.7600581983805668,0.7333333333333333,0.7463851937536148,121.25920343399048
