precision,accuracy,recall,duration
0.9642857142857143,0.9642857142857143,0.9666666666666667,470.9131238460541
