precision,accuracy,recall,duration
0.7741091628959276,0.7666666666666667,0.7867987275882014,442.4396593570709
