precision,accuracy,recall,duration
0.7970164027149321,0.7833333333333333,0.7905581260844419,71.51971507072449
