precision,accuracy,recall,duration
0.7901785714285714,0.7833333333333333,0.7905581260844419,71.22041845321655
