precision,accuracy,recall,duration
0.9027950310559006,0.8833333333333333,0.8742047426257953,810.8559443950653
